depth,type,name,length_m,mass_kg,material
0,stage,Sustainer,,,
1,nosecone,Nose_Cone,0.2,0.224,PLA - 40% infill
2,parachute,Parachute,,0.22,Polyethylene Vinyl
2,masscomponent,Mass Component,,,
1,bodytube,Upper_Tube,0.48,0.352,지관
2,masscomponent,Battery_Mount+Battery+Bay+Avionics,,0.434,
2,masscomponent,Gps_Mount+Gps+Pixhawk,,0.145,
2,masscomponent,Servo_Motor,,0.059000000000000004,
2,masscomponent,M6 25mm,,,
2,masscomponent,M6 25mm,,,
2,masscomponent,M6 20mm,,,
2,masscomponent,ejection,,,
2,masscomponent,M6 25mm,,,
1,bodytube,Bottom_Tube,0.37,0.292,지관
2,centeringring,Bottom_Mount,0.016,0.068,PLA - 40% infill
2,centeringring,Upper_Mount,0.02,0.082,PLA - 40% infill
2,tubecoupler,Tube Coupler,0.136,0.17300000000000001,PLA - 40% infill
2,innertube,Chamber,0.307,0.357,Aluminum
3,masscomponent,Nozzle,,0.223,
3,bulkhead,Chamber_Bulkhead,0.025,0.091,Aluminum
3,innertube,Chamber_Outer_Tube_Bottom,0.0985,0.023,지관
3,innertube,Chamber_Outer_Tube_Upper,0.1,0.023,지관
3,masscomponent,M6 25mm,,,
3,masscomponent,M10 25mm,,,
2,masscomponent,M6 25mm,,,
2,masscomponent,M6 50mm,,,
2,masscomponent,M6 20mm,,,
2,masscomponent,M6 18mm,,,
2,masscomponent,M6 18mm,,,
2,masscomponent,M6 18mm,,,
2,masscomponent,M6 50mm,,,
2,trapezoidfinset,Trapezoidal Fin Set,,,PETG - 100% infill
0,stage,Stage,,,
