# Simulation 2 (Up to date),,,,,,,,,,,,,,,,,,,,,,,,
# 386 data points written for 25 variables.,,,,,,,,ÃÖ°í¼Óµµ=,78.357,,,,,,,,,,,,,,,
#,,,,,,,,ÃÖ°í°íµµ=,326.093,,,,,,,,,,,,,,,
# Time (s),Altitude (m),Vertical velocity (m/s),Vertical acceleration (m/sÂ²),Total velocity (m/s),Total acceleration (m/sÂ²),Latitude (Â°),Longitude (Â°),Angle of attack (Â°),Roll rate (Â°/s),Pitch rate (Â°/s),Yaw rate (Â°/s),Mass (g),Motor mass (g),Longitudinal moment of inertia (kgÂ·mÂ²),Rotational moment of inertia (kgÂ·mÂ²),CP location (cm),CG location (cm),Thrust (N),Drag force (N),Drag coefficient (??,Pitch moment coefficient (??,Yaw moment coefficient (??,Roll moment coefficient (??,Wind velocity (m/s)
# Event IGNITION occurred at t=0 seconds,,,,,,,,,,,,,,,,,,,,,,,,
# Event LAUNCH occurred at t=0 seconds,,,,,,,,,,,,,,,,,,,,,,,,
0.01,-4.86E-04,-0.097,-9.718,0.098,9.755,28.61,-80.6,87.74,0,0,0,3896.077,400,0.473,0.015,NaN,64.427,3.16E-04,3.17E-06,0.617,NaN,NaN,NaN,2.039
0.02,-4.86E-04,-0.097,-9.718,0.098,9.755,28.61,-80.6,87.739,0,0,0,3896.077,400,0.473,0.015,NaN,64.427,9.47E-04,3.18E-06,0.617,NaN,NaN,NaN,2.039
0.03,-4.86E-04,-0.097,-9.717,0.098,9.755,28.61,-80.6,87.739,0,0,0,3896.077,400,0.473,0.015,NaN,64.427,0.002,3.18E-06,0.617,NaN,NaN,NaN,2.04
0.04,-4.86E-04,-0.097,-9.717,0.098,9.754,28.61,-80.6,87.738,0,0,0,3896.077,400,0.473,0.015,NaN,64.427,0.002,3.19E-06,0.617,NaN,NaN,NaN,2.041
0.05,-4.86E-04,-0.097,-9.717,0.098,9.754,28.61,-80.6,87.737,0,0,0,3896.077,400,0.473,0.015,NaN,64.427,0.003,3.19E-06,0.617,NaN,NaN,NaN,2.041
0.06,-4.86E-04,-0.097,-9.717,0.098,9.754,28.61,-80.6,87.769,0,0,0,3896.077,400,0.473,0.015,NaN,64.427,0.003,2.99E-06,0.618,NaN,NaN,NaN,2.018
0.07,-4.86E-04,-0.097,-9.717,0.098,9.754,28.61,-80.6,87.802,0,0,0,3896.077,400,0.473,0.015,NaN,64.427,0.004,2.80E-06,0.619,NaN,NaN,NaN,1.994
0.08,-4.86E-04,-0.097,-9.717,0.098,9.754,28.61,-80.6,87.835,0,0,0,3896.077,400,0.473,0.015,NaN,64.427,0.005,2.62E-06,0.619,NaN,NaN,NaN,1.971
0.09,-4.86E-04,-0.097,-9.716,0.098,9.754,28.61,-80.6,87.87,0,0,0,3896.077,400,0.473,0.015,NaN,64.427,0.005,2.44E-06,0.62,NaN,NaN,NaN,1.947
0.1,-4.86E-04,-0.097,-9.716,0.098,9.753,28.61,-80.6,87.905,0,0,0,3896.077,400,0.473,0.015,NaN,64.427,0.007,2.27E-06,0.621,NaN,NaN,NaN,1.923
0.11,-4.86E-04,-0.097,-9.716,0.098,9.753,28.61,-80.6,87.916,0,0,0,3896.077,400,0.473,0.015,NaN,64.427,0.008,2.21E-06,0.621,NaN,NaN,NaN,1.916
0.12,-4.86E-04,-0.097,-9.715,0.098,9.752,28.61,-80.6,87.928,0,0,0,3896.077,400,0.473,0.015,NaN,64.427,0.01,2.16E-06,0.622,NaN,NaN,NaN,1.908
0.13,-4.86E-04,-0.097,-9.715,0.098,9.752,28.61,-80.6,87.94,0,0,0,3896.077,399.999,0.473,0.015,NaN,64.427,0.011,2.11E-06,0.622,NaN,NaN,NaN,1.9
0.14,-4.86E-04,-0.097,-9.714,0.098,9.752,28.61,-80.6,87.951,0,0,0,3896.077,399.999,0.473,0.015,NaN,64.427,0.013,2.06E-06,0.622,NaN,NaN,NaN,1.893
0.15,-4.86E-04,-0.097,-9.714,0.098,9.751,28.61,-80.6,87.963,0,0,0,3896.077,399.999,0.473,0.015,NaN,64.427,0.015,2.01E-06,0.623,NaN,NaN,NaN,1.885
0.16,-4.86E-04,-0.097,-9.714,0.098,9.751,28.61,-80.6,87.958,0,0,0,3896.076,399.999,0.473,0.015,NaN,64.427,0.016,2.03E-06,0.623,NaN,NaN,NaN,1.888
0.17,-4.86E-04,-0.097,-9.713,0.098,9.75,28.61,-80.6,87.953,0,0,0,3896.076,399.999,0.473,0.015,NaN,64.427,0.018,2.05E-06,0.622,NaN,NaN,NaN,1.892
0.18,-4.85E-04,-0.097,-9.706,0.097,9.743,28.61,-80.6,87.945,0,0,0,3896.075,399.998,0.473,0.015,NaN,64.427,0.047,2.08E-06,0.622,NaN,NaN,NaN,1.895
0.19,-4.83E-04,-0.097,-9.669,0.097,9.706,28.61,-80.6,87.929,0,0,0,3896.073,399.996,0.473,0.015,NaN,64.427,0.192,2.14E-06,0.622,NaN,NaN,NaN,1.898
0.2,-4.81E-04,-0.096,-9.629,0.097,9.665,28.61,-80.6,87.912,0,0,0,3896.07,399.993,0.473,0.015,NaN,64.427,0.349,2.20E-06,0.622,NaN,NaN,NaN,1.902
0.21,-4.79E-04,-0.096,-9.588,0.096,9.625,28.61,-80.6,87.882,0,0,0,3896.065,399.987,0.473,0.015,NaN,64.427,0.506,2.32E-06,0.622,NaN,NaN,NaN,1.913
0.22,-4.77E-04,-0.095,-9.548,0.096,9.585,28.61,-80.6,87.853,0,0,0,3896.059,399.981,0.473,0.015,NaN,64.427,0.663,2.44E-06,0.621,NaN,NaN,NaN,1.924
0.23,-4.75E-04,-0.095,-9.508,0.095,9.544,28.61,-80.6,87.825,0,0,0,3896.05,399.973,0.473,0.015,NaN,64.427,0.821,2.57E-06,0.621,NaN,NaN,NaN,1.935
0.24,-4.73E-04,-0.095,-9.468,0.095,9.504,28.61,-80.6,87.796,0,0,0,3896.042,399.964,0.473,0.015,NaN,64.427,0.978,2.70E-06,0.62,NaN,NaN,NaN,1.947
0.25,-4.71E-04,-0.094,-9.428,0.095,9.464,28.61,-80.6,87.768,0,0,0,3896.03,399.952,0.473,0.015,NaN,64.427,1.135,2.83E-06,0.62,NaN,NaN,NaN,1.958
0.26,-4.69E-04,-0.094,-9.387,0.094,9.423,28.61,-80.6,87.78,0,0,0,3896.018,399.94,0.473,0.015,NaN,64.427,1.292,2.74E-06,0.62,NaN,NaN,NaN,1.942
0.27,-4.55E-04,-0.091,-9.096,0.091,9.13,28.61,-80.6,87.716,0,0,0,3895.977,399.9,0.473,0.015,NaN,64.427,2.433,2.94E-06,0.621,NaN,NaN,NaN,1.925
0.28,-4.14E-04,-0.083,-8.285,0.083,8.316,28.61,-80.6,87.495,0,0,0,3895.93,399.852,0.473,0.015,NaN,64.426,5.604,3.81E-06,0.622,NaN,NaN,NaN,1.909
0.29,-3.73E-04,-0.075,-7.458,0.075,7.487,28.61,-80.6,87.265,0,0,0,3895.84,399.762,0.473,0.015,NaN,64.426,8.836,4.87E-06,0.622,NaN,NaN,NaN,1.892
0.3,-3.32E-04,-0.066,-6.632,0.067,6.657,28.61,-80.6,87.031,0,0,0,3895.724,399.646,0.473,0.015,NaN,64.425,12.069,6.11E-06,0.623,NaN,NaN,NaN,1.876
0.31,-2.90E-04,-0.058,-5.805,0.058,5.827,28.61,-80.6,86.741,0,0,0,3895.577,399.5,0.473,0.015,NaN,64.424,15.301,8.37E-06,0.621,NaN,NaN,NaN,1.914
0.32,-2.49E-04,-0.05,-4.978,0.05,4.997,28.61,-80.6,86.463,0,0,0,3895.393,399.316,0.473,0.015,NaN,64.423,18.533,1.11E-05,0.62,NaN,NaN,NaN,1.953
0.33,-2.08E-04,-0.042,-4.151,0.042,4.167,28.61,-80.6,86.196,0,0,0,3895.191,399.113,0.473,0.015,NaN,64.422,21.766,1.43E-05,0.619,NaN,NaN,NaN,1.991
0.34,-1.66E-04,-0.033,-3.324,0.033,3.337,28.61,-80.6,85.94,0,0,0,3894.938,398.861,0.473,0.015,NaN,64.42,24.998,1.80E-05,0.617,NaN,NaN,NaN,2.03
0.35,-1.25E-04,-0.025,-2.49,0.025,2.499,28.61,-80.6,85.69,0,0,0,3894.673,398.596,0.473,0.015,NaN,64.418,28.259,2.22E-05,0.616,NaN,NaN,NaN,2.068
0.36,-3.97E-05,-0.008,-0.794,0.008,0.797,28.61,-80.6,85.221,0,0,0,3894.293,398.216,0.473,0.015,NaN,64.416,34.884,2.98E-05,0.616,NaN,NaN,NaN,2.057
0.37,7.46E-05,0.015,1.493,0.015,1.498,28.61,-80.6,84.582,0,0,0,3893.913,397.835,0.473,0.015,NaN,64.413,43.819,4.28E-05,0.616,NaN,NaN,NaN,2.046
0.38,4.13E-04,0.053,3.78,0.053,3.795,28.61,-80.6,83.519,0,0,0,3893.358,397.281,0.473,0.015,NaN,64.409,52.754,7.19E-05,0.617,NaN,NaN,NaN,2.034
0.39,0.001,0.113,6.069,0.114,6.092,28.61,-80.6,81.807,0,0,0,3892.789,396.712,0.473,0.015,NaN,64.406,61.688,1.42E-04,0.617,NaN,NaN,NaN,2.023
0.4,0.003,0.197,8.358,0.198,8.39,28.61,-80.6,79.455,0,0,0,3892.079,396.002,0.473,0.015,NaN,64.401,70.623,2.96E-04,0.617,NaN,NaN,NaN,2.012
0.41,0.005,0.303,10.649,0.305,10.69,28.61,-80.6,76.494,0,0,0,3891.322,395.245,0.473,0.015,NaN,64.396,79.558,6.07E-04,0.616,NaN,NaN,NaN,2.002
0.42,0.009,0.433,12.941,0.434,12.991,28.61,-80.6,72.97,0,0,0,3890.457,394.379,0.473,0.015,NaN,64.39,88.492,0.001,0.615,NaN,NaN,NaN,1.993
0.43,0.014,0.585,15.235,0.587,15.293,28.61,-80.6,68.96,0,0,0,3889.511,393.434,0.473,0.015,NaN,64.384,97.427,0.002,0.614,NaN,NaN,NaN,1.984
# Event LIFTOFF occurred at t=0.44 seconds,,,,,,,,,,,,,,,,,,,,,,,,
0.44,0.021,0.76,17.46,0.763,17.527,28.61,-80.6,64.587,0,0,0,3888.504,392.427,0.473,0.015,NaN,64.377,106.09,0.004,0.612,NaN,NaN,NaN,1.975
0.45,0.029,0.95,19.044,0.954,19.117,28.61,-80.6,60.121,0,0,0,3887.405,391.328,0.473,0.015,NaN,64.37,112.243,0.006,0.61,NaN,NaN,NaN,1.966
0.46,0.04,1.155,20.472,1.159,20.55,28.61,-80.6,56.138,0,0,0,3886.283,390.206,0.473,0.015,NaN,64.363,117.785,0.01,0.606,NaN,NaN,NaN,1.994
0.47,0.053,1.374,21.901,1.379,21.985,28.61,-80.6,52.335,0,0,0,3885.066,388.989,0.473,0.015,NaN,64.354,123.326,0.014,0.602,NaN,NaN,NaN,2.023
0.48,0.067,1.607,23.331,1.613,23.42,28.61,-80.6,48.749,0,0,0,3883.849,387.772,0.472,0.015,NaN,64.346,128.868,0.02,0.597,NaN,NaN,NaN,2.051
0.49,0.085,1.855,24.763,1.862,24.857,28.61,-80.6,45.399,0,0,0,3882.514,386.436,0.472,0.015,NaN,64.337,134.41,0.027,0.593,NaN,NaN,NaN,2.079
0.5,0.105,2.117,26.195,2.125,26.295,28.61,-80.6,42.293,0,0,0,3881.179,385.101,0.472,0.015,NaN,64.329,139.952,0.035,0.589,NaN,NaN,NaN,2.108
0.51,0.127,2.393,27.629,2.402,27.734,28.61,-80.6,39.103,0,0,0,3879.749,383.672,0.472,0.015,NaN,64.319,145.493,0.045,0.585,NaN,NaN,NaN,2.11
0.52,0.153,2.683,29.063,2.694,29.174,28.61,-80.6,36.164,0,0,0,3878.296,382.218,0.472,0.015,NaN,64.309,151.035,0.057,0.581,NaN,NaN,NaN,2.111
0.53,0.181,2.987,30.353,2.998,30.469,28.61,-80.6,33.483,0,0,0,3876.792,380.714,0.472,0.015,NaN,64.299,156.009,0.07,0.577,NaN,NaN,NaN,2.113
0.54,0.212,3.297,31.044,3.31,31.163,28.61,-80.6,31.087,0,0,0,3875.254,379.177,0.472,0.015,NaN,64.289,158.652,0.085,0.573,NaN,NaN,NaN,2.115
0.55,0.247,3.614,31.671,3.628,31.792,28.61,-80.6,28.946,0,0,0,3873.695,377.618,0.472,0.015,NaN,64.279,161.042,0.101,0.569,NaN,NaN,NaN,2.116
0.56,0.285,3.937,32.299,3.952,32.422,28.61,-80.6,26.873,0,0,0,3872.107,376.029,0.472,0.015,NaN,64.268,163.432,0.119,0.566,NaN,NaN,NaN,2.103
0.57,0.326,4.266,32.926,4.282,33.052,28.61,-80.6,25.007,0,0,0,3870.506,374.429,0.471,0.015,NaN,64.257,165.823,0.137,0.563,NaN,NaN,NaN,2.09
0.58,0.37,4.601,33.555,4.619,33.683,28.61,-80.6,23.323,0,0,0,3868.868,372.79,0.471,0.015,NaN,64.246,168.213,0.158,0.561,NaN,NaN,NaN,2.077
0.59,0.418,4.943,34.183,4.962,34.314,28.61,-80.6,21.799,0,0,0,3867.226,371.148,0.471,0.015,NaN,64.235,170.603,0.18,0.56,NaN,NaN,NaN,2.064
0.6,0.469,5.291,34.812,5.311,34.945,28.61,-80.6,20.417,0,0,0,3865.537,369.459,0.471,0.015,NaN,64.224,172.993,0.203,0.559,NaN,NaN,NaN,2.051
0.61,0.524,5.646,35.441,5.667,35.577,28.61,-80.6,19.164,0,0,0,3863.848,367.77,0.471,0.015,NaN,64.213,175.384,0.228,0.558,NaN,NaN,NaN,2.039
0.62,0.582,6.005,35.956,6.028,36.094,28.61,-80.6,18.025,0,0,0,3862.124,366.047,0.471,0.015,NaN,64.201,177.327,0.254,0.557,NaN,NaN,NaN,2.027
0.63,0.644,6.368,36.303,6.392,36.442,28.61,-80.6,16.989,0,0,0,3860.397,364.319,0.471,0.015,NaN,64.19,178.62,0.282,0.556,NaN,NaN,NaN,2.014
0.64,0.709,6.734,36.649,6.76,36.789,28.61,-80.6,16.045,0,0,0,3858.649,362.572,0.471,0.015,NaN,64.178,179.908,0.31,0.555,NaN,NaN,NaN,2.002
0.65,0.778,7.104,36.995,7.131,37.137,28.61,-80.6,15.181,0,0,0,3856.895,360.817,0.47,0.015,NaN,64.166,181.195,0.338,0.555,NaN,NaN,NaN,1.99
0.66,0.851,7.478,37.342,7.506,37.484,28.61,-80.6,14.464,0,0,0,3855.125,359.047,0.47,0.015,NaN,64.154,182.482,0.369,0.554,NaN,NaN,NaN,1.989
0.67,0.928,7.855,37.688,7.885,37.832,28.61,-80.6,13.804,0,0,0,3853.343,357.265,0.47,0.015,NaN,64.142,183.77,0.4,0.553,NaN,NaN,NaN,1.987
0.68,1.008,8.235,38.035,8.266,38.18,28.61,-80.6,13.195,0,0,0,3851.551,355.473,0.47,0.015,NaN,64.13,185.057,0.432,0.552,NaN,NaN,NaN,1.986
0.69,1.093,8.619,38.382,8.651,38.528,28.61,-80.6,12.631,0,0,0,3849.742,353.664,0.47,0.015,NaN,64.118,186.344,0.466,0.552,NaN,NaN,NaN,1.985
0.7,1.181,9.006,38.726,9.04,38.874,28.61,-80.6,12.108,0,0,0,3847.929,351.851,0.47,0.015,NaN,64.105,187.621,0.501,0.551,NaN,NaN,NaN,1.984
0.71,1.273,9.395,38.978,9.431,39.127,28.61,-80.6,11.54,0,0,0,3846.098,350.021,0.47,0.015,NaN,64.093,188.539,0.535,0.55,NaN,NaN,NaN,1.968
0.72,1.369,9.787,39.185,9.825,39.334,28.61,-80.6,11.012,0,0,0,3844.267,348.19,0.469,0.015,NaN,64.081,189.284,0.571,0.55,NaN,NaN,NaN,1.952
0.73,1.468,10.181,39.391,10.22,39.542,28.61,-80.6,10.519,0,0,0,3842.421,346.344,0.469,0.015,NaN,64.068,190.029,0.609,0.549,NaN,NaN,NaN,1.936
0.74,1.572,10.577,39.598,10.617,39.75,28.61,-80.6,10.06,0,0,0,3840.575,344.497,0.469,0.015,NaN,64.056,190.773,0.647,0.549,NaN,NaN,NaN,1.921
0.75,1.68,10.975,39.805,11.017,39.957,28.61,-80.6,9.63,0,0,0,3838.715,342.638,0.469,0.015,NaN,64.043,191.518,0.687,0.548,NaN,NaN,NaN,1.905
# Event LAUNCHROD occurred at t=0.76 seconds,,,,,,,,,,,,,,,,,,,,,,,,
0.76,1.792,11.375,40.011,11.418,40.164,28.61,-80.6,9.372,0,0,0,3836.854,340.776,0.469,0.015,NaN,64.03,192.263,0.731,0.548,NaN,NaN,NaN,1.919
0.775,1.967,11.979,40.271,12.025,40.425,28.61,-80.6,9.007,0,0.988,1.32E-04,3834.042,337.965,0.469,0.015,80.917,64.011,193.194,0.802,0.548,3.375,1.54E-04,0,1.942
0.798,2.247,12.893,40.652,12.942,40.804,28.61,-80.6,8.483,0,2.589,4.58E-05,3829.8,333.722,0.468,0.015,81.067,63.982,194.544,0.914,0.548,3.193,-1.79E-04,0,1.975
0.831,2.705,14.28,41.145,14.335,41.304,28.61,-80.6,7.492,-7.44E-07,5.209,-3.05E-04,3823.38,327.302,0.468,0.015,81.357,63.938,196.296,1.088,0.548,2.84,-4.78E-04,0,1.962
0.881,3.466,16.356,41.845,16.419,42.033,28.61,-80.6,6.121,-4.90E-06,9.372,-5.49E-04,3813.807,317.729,0.467,0.015,81.773,63.872,198.85,1.373,0.548,2.339,-1.07E-04,0,1.938
0.927,4.268,18.327,42.611,18.4,42.847,28.61,-80.6,5.083,1.91E-06,13.432,-3.37E-04,3804.762,308.685,0.466,0.015,82.099,63.81,201.752,1.679,0.548,1.95,3.43E-04,0,1.977
0.971,5.122,20.245,43.284,20.329,43.603,28.61,-80.6,3.974,1.44E-06,17.48,-0.001,3795.987,299.91,0.466,0.015,82.459,63.749,204.431,2,0.548,1.527,-1.51E-04,0,1.984
1.018,6.109,22.273,43.664,22.374,44.12,28.61,-80.6,2.761,1.04E-05,21.079,-0.001,3786.712,290.635,0.465,0.015,82.867,63.684,206.184,2.369,0.548,1.057,-4.12E-04,0,1.969
1.068,7.277,24.471,43.887,24.596,44.555,28.61,-80.6,1.657,2.58E-06,24.272,5.25E-04,3776.651,280.573,0.464,0.015,83.25,63.614,207.609,2.824,0.548,0.622,6.03E-05,0,2.037
1.118,8.556,26.673,43.906,26.83,44.879,28.61,-80.6,0.483,3.11E-06,26.027,-0.003,3766.54,270.462,0.463,0.015,83.672,63.543,208.6,3.334,0.549,0.156,-3.20E-04,0,2.06
1.168,9.944,28.87,43.759,29.07,45.137,28.61,-80.6,0.661,1.83E-05,-25.584,-0.001,3756.394,260.317,0.463,0.015,83.61,63.471,209.323,3.913,0.549,0.301,-1.73E-06,0,2.036
1.218,11.443,31.051,43.42,31.308,45.263,28.61,-80.6,1.575,7.41E-06,-22.454,2.26E-04,3746.238,250.16,0.462,0.015,83.289,63.399,209.557,4.563,0.549,0.66,1.72E-05,0,2.013
1.263,12.879,32.991,43.082,33.312,45.33,28.61,-80.6,2.113,-8.79E-06,-17.513,0.002,3737.12,241.042,0.461,0.015,83.105,63.333,209.631,5.194,0.549,0.868,2.76E-04,0,2.005
1.293,13.895,34.288,42.847,34.658,45.333,28.61,-80.6,2.356,1.39E-06,-13.036,0.002,3730.985,234.908,0.461,0.015,83.023,63.289,209.561,5.637,0.55,0.963,-3.43E-04,0,1.967
1.318,14.774,35.367,42.705,35.781,45.319,28.61,-80.6,2.362,-6.00E-06,-8.85,0.003,3725.86,229.783,0.46,0.015,83.023,63.252,209.501,6.011,0.55,0.964,9.84E-05,0,1.984
1.342,15.622,36.376,42.601,36.833,45.272,28.61,-80.6,2.248,-2.05E-06,-4.82,0.002,3721.061,224.984,0.46,0.015,83.064,63.218,209.375,6.364,0.55,0.919,-3.41E-04,0,2.017
1.365,16.486,37.371,42.525,37.873,45.212,28.61,-80.6,2.115,5.50E-07,-0.84,-3.46E-04,3716.313,220.236,0.459,0.015,83.113,63.183,209.237,6.718,0.55,0.865,-3.76E-04,0,2.008
1.389,17.374,38.368,42.487,38.915,45.14,28.61,-80.6,1.93,-4.98E-07,3.119,0.001,3711.558,215.48,0.459,0.015,83.179,63.149,209.098,7.077,0.55,0.792,-4.09E-04,0,1.977
1.413,18.319,39.4,42.487,39.995,45.056,28.61,-80.6,1.704,-1.88E-06,6.964,7.02E-04,3706.635,210.558,0.459,0.015,83.26,63.113,208.964,7.454,0.55,0.7,-2.64E-04,0,1.911
1.439,19.358,40.505,42.53,41.15,44.958,28.61,-80.6,1.421,-9.31E-06,10.763,7.65E-04,3701.369,205.292,0.458,0.015,83.362,63.074,208.837,7.863,0.551,0.584,-3.10E-04,0,1.811
1.468,20.571,41.761,42.661,42.46,44.821,28.61,-80.6,0.895,-9.89E-06,14.237,-7.55E-04,3695.402,199.325,0.458,0.015,83.551,63.031,208.699,8.342,0.551,0.367,-2.75E-04,0,1.792
1.513,22.456,43.647,42.873,44.419,44.56,28.61,-80.6,0.001,-3.65E-06,-16.093,0.557,3686.491,190.413,0.457,0.015,83.879,62.965,208.364,9.11,0.551,0.003,1.89E-04,0,1.83
1.563,24.691,45.786,42.91,46.624,44.129,28.61,-80.6,0.841,2.17E-05,-13.414,-4.06E-04,3676.436,180.358,0.456,0.015,83.58,62.891,207.449,10.059,0.552,0.356,3.80E-04,0,1.841
1.599,26.39,47.352,42.969,48.229,43.934,28.61,-80.6,1.307,9.80E-06,-8.128,0.001,3669.108,173.031,0.456,0.015,83.418,62.836,207.171,10.799,0.552,0.549,3.01E-04,0,1.898
1.622,27.468,48.327,43.241,49.224,44.108,28.61,-80.6,1.5,3.84E-06,-3.676,-2.24E-04,3664.561,168.484,0.455,0.015,83.353,62.802,208.056,11.273,0.552,0.629,-1.02E-05,0,1.971
1.641,28.393,49.15,43.405,50.063,44.233,28.61,-80.6,1.567,3.44E-06,0.509,0.002,3660.725,164.647,0.455,0.015,83.331,62.774,208.705,11.673,0.552,0.659,3.62E-04,0,2.034
1.658,29.262,49.914,43.51,50.842,44.343,28.61,-80.6,1.534,3.83E-07,4.581,7.69E-04,3657.167,161.089,0.455,0.015,83.345,62.747,209.277,12.039,0.552,0.645,-2.43E-04,0,2.074
1.675,30.134,50.671,43.612,51.614,44.493,28.61,-80.6,1.412,6.85E-06,8.485,0.004,3653.635,157.558,0.454,0.015,83.39,62.72,209.982,12.396,0.553,0.595,-3.63E-04,0,2.094
1.694,31.066,51.47,43.709,52.43,44.683,28.61,-80.6,1.22,8.20E-06,12.283,0.003,3649.904,153.826,0.454,0.015,83.46,62.692,210.83,12.774,0.553,0.513,1.18E-04,0,2.114
1.714,32.131,52.369,43.753,53.35,44.895,28.61,-80.6,0.902,-1.19E-05,15.86,3.95E-04,3645.694,149.616,0.454,0.015,83.576,62.661,211.753,13.199,0.553,0.379,2.85E-04,0,2.1
1.741,33.551,53.546,43.713,54.56,45.166,28.61,-80.6,0.406,1.81E-05,18.79,0.006,3640.16,144.083,0.453,0.015,83.757,62.619,212.879,13.775,0.553,0.168,4.77E-04,0,2.059
1.781,35.74,55.297,43.22,56.375,45.235,28.61,-80.6,0.305,-2.22E-05,-18.858,0.01,3631.85,135.772,0.452,0.015,83.799,62.556,213.245,14.701,0.554,0.135,-1.55E-05,0,2.021
1.831,38.558,57.414,42.022,58.592,44.705,28.61,-80.6,0.943,1.68E-06,-12.263,0.002,3621.601,125.524,0.452,0.015,83.576,62.478,211.411,15.916,0.554,0.406,-1.50E-04,0,1.952
1.851,39.706,58.236,41.326,59.459,44.221,28.61,-80.6,1.104,6.70E-06,-7.792,-3.88E-04,3617.568,121.49,0.451,0.015,83.521,62.447,209.712,16.406,0.554,0.475,-2.83E-04,0,1.919
1.868,40.71,58.938,40.9,60.201,43.839,28.61,-80.6,1.101,6.17E-06,-3.72,-0.002,3614.104,118.027,0.451,0.015,83.525,62.42,208.508,16.821,0.555,0.474,-8.74E-05,0,1.929
1.885,41.705,59.619,40.562,60.921,43.464,28.61,-80.6,1.032,2.89E-06,0.224,0.004,3610.731,114.653,0.451,0.015,83.552,62.395,207.404,17.223,0.555,0.444,2.12E-04,0,1.938
1.903,42.753,60.322,40.279,61.665,43.062,28.61,-80.6,0.894,4.57E-06,4.032,0.001,3607.235,111.158,0.45,0.015,83.603,62.368,206.289,17.638,0.555,0.386,-3.13E-05,0,1.951
1.922,43.944,61.107,40.044,62.493,42.596,28.61,-80.6,0.654,1.94E-06,7.55,-5.63E-04,3603.335,107.257,0.45,0.015,83.692,62.338,205.078,18.104,0.555,0.282,-4.43E-04,0,1.994
1.948,45.555,62.142,39.685,63.582,41.852,28.61,-80.6,0.275,1.80E-05,10.419,0.01,3598.192,102.115,0.45,0.015,83.832,62.298,203.07,18.732,0.555,0.118,3.20E-04,0,2.05
1.987,48.021,63.67,39.045,65.177,40.698,28.61,-80.6,0.212,3.40E-05,-10.467,0.001,3590.595,94.518,0.449,0.015,83.86,62.239,199.82,19.685,0.556,0.094,4.57E-04,0,2.036
2.037,51.252,65.565,37.902,67.136,39.077,28.61,-80.6,0.674,-5.97E-05,-4.085,0.015,3581.151,85.074,0.448,0.015,83.7,62.165,194.976,20.931,0.556,0.295,-4.50E-04,0,2.122
2.058,52.59,66.305,36.581,67.898,37.622,28.61,-80.6,0.774,-7.15E-06,0.323,-1.77E-04,3577.411,81.334,0.448,0.015,83.667,62.136,190.103,21.429,0.557,0.339,-3.36E-04,0,2.157
2.076,53.811,66.961,35.731,68.573,36.773,28.61,-80.6,0.733,-1.00E-05,4.285,-0.004,3574.08,78.003,0.448,0.015,83.684,62.11,187.334,21.855,0.557,0.321,2.18E-04,0,2.166
2.095,55.086,67.623,34.841,69.255,35.955,28.61,-80.6,0.62,-1.05E-05,8.038,0.005,3570.686,74.608,0.447,0.015,83.727,62.083,184.659,22.286,0.557,0.272,6.32E-05,0,2.175
2.117,56.581,68.364,33.564,70.021,34.84,28.61,-80.6,0.415,-6.04E-06,11.445,0.008,3566.831,70.753,0.447,0.015,83.804,62.053,180.913,22.771,0.557,0.182,4.63E-04,0,2.18
2.149,58.798,69.389,31.546,71.088,33.185,28.61,-80.6,0.05,-6.35E-06,13.608,0.012,3561.373,65.296,0.446,0.015,83.94,62.01,175.198,23.464,0.558,0.021,-8.35E-05,0,2.185
2.197,62.182,70.783,28.483,72.564,30.799,28.61,-80.6,0.483,3.50E-05,-9.349,-0.005,3553.575,57.497,0.446,0.015,83.789,61.948,166.6,24.45,0.558,0.214,1.48E-05,0,2.043
2.221,63.823,71.38,25.928,73.205,28.415,28.61,-80.6,0.6,4.00E-06,-5.171,0.007,3550.034,53.957,0.445,0.015,83.749,61.92,158.087,24.906,0.558,0.266,-2.29E-04,0,2.061
2.241,65.253,71.868,24.399,73.73,26.842,28.61,-80.6,0.572,-6.05E-06,-1.195,0.013,3547.082,51.004,0.445,0.015,83.761,61.897,152.706,25.268,0.558,0.254,1.21E-04,0,2.085
2.261,66.741,72.343,23.034,74.243,25.308,28.61,-80.6,0.472,-4.05E-06,2.496,0.01,3544.129,48.052,0.445,0.015,83.799,61.873,147.631,25.619,0.559,0.21,-4.74E-04,0,2.102
2.286,68.533,72.876,21.637,74.816,23.586,28.61,-80.6,0.283,5.98E-06,5.724,0.015,3540.729,44.651,0.445,0.015,83.87,61.846,142.116,26.01,0.559,0.125,-1.19E-04,0,2.115
2.323,71.243,73.612,19.941,75.603,21.342,28.61,-80.6,0.048,-3.14E-05,-7.008,0.104,3535.885,39.808,0.444,0.015,83.958,61.807,135.09,26.558,0.559,0.022,1.57E-04,0,2.122
2.373,74.946,74.484,17.381,76.521,18.301,28.61,-80.6,0.333,1.42E-05,-2.622,0.014,3529.818,33.741,0.444,0.015,83.858,61.758,125.159,27.214,0.559,0.149,4.85E-04,0,2.102
2.402,77.123,74.908,14.658,76.966,15.413,28.61,-80.6,0.391,8.65E-07,1.37,0.011,3526.549,30.471,0.443,0.015,83.839,61.732,115.248,27.536,0.559,0.175,-3.96E-04,0,2.08
2.429,79.165,75.25,12.508,77.325,13.275,28.61,-80.6,0.336,2.08E-05,5.199,0.022,3523.719,27.641,0.443,0.015,83.86,61.709,107.81,27.792,0.56,0.151,-1.23E-04,0,2.103
2.461,81.537,75.575,10.183,77.672,11.165,28.61,-80.6,0.167,-3.99E-05,8.241,0.026,3520.66,24.583,0.443,0.015,83.923,61.684,100.168,28.037,0.56,0.074,3.18E-04,0,2.124
2.508,85.112,75.924,7.147,78.062,8.784,28.61,-80.6,0.139,-7.19E-05,-7.954,0.06,3516.512,20.435,0.442,0.015,83.935,61.651,90.518,28.314,0.56,0.063,3.11E-04,0,2.127
2.558,88.913,76.112,3.677,78.3,6.149,28.61,-80.6,0.31,-3.47E-05,-3.077,0.021,3512.707,16.63,0.442,0.015,83.874,61.62,78.714,28.487,0.56,0.14,-2.97E-05,0,2.096
2.588,91.185,76.139,1.056,78.357,4.345,28.61,-80.6,0.308,-6.77E-07,0.847,0.018,3510.706,14.629,0.442,0.015,83.875,61.604,69.186,28.522,0.56,0.139,3.31E-04,0,2.064
2.621,93.714,76.109,-0.82,78.355,3.14,28.61,-80.6,0.145,0,3.894,0.002,3508.714,12.637,0.442,0.015,83.934,61.588,61.695,28.504,0.56,0.066,-1.85E-04,0,2.055
2.671,97.502,75.962,-2.954,78.234,3.371,28.61,-80.6,0.055,3.17E-05,-3.235,-0.022,3506.158,10.08,0.442,0.015,83.966,61.567,53.03,28.38,0.56,0.025,-3.46E-04,0,1.939
2.721,101.293,75.687,-5.375,77.975,5.385,28.61,-80.6,0.215,1.88E-05,-2.059,-0.013,3504.047,7.97,0.441,0.015,83.907,61.55,43.428,28.165,0.56,0.098,2.21E-04,0,1.817
2.768,104.833,75.344,-7.31,77.636,7.318,28.61,-80.6,0.253,4.74E-05,3.353,0.008,3502.406,6.329,0.441,0.015,83.891,61.536,36.03,27.922,0.56,0.115,4.62E-04,0,1.881
2.805,107.68,75.004,-8.976,77.301,8.981,28.61,-80.6,0.132,-3.09E-06,6.244,0.012,3501.303,5.225,0.441,0.015,83.934,61.527,30.166,27.668,0.56,0.06,-1.43E-04,0,1.879
2.855,111.417,74.483,-10.506,76.792,10.506,28.61,-80.6,0.065,2.25E-05,-6.671,0.002,3500.089,4.012,0.441,0.015,83.956,61.517,24.95,27.301,0.559,0.03,-3.85E-04,0,1.952
2.905,115.126,73.878,-12.074,76.206,12.075,28.61,-80.6,0.225,-7.45E-05,-3.631,0.032,3499.151,3.073,0.441,0.015,83.896,61.51,19.396,26.874,0.559,0.102,4.00E-05,0,1.929
2.949,118.307,73.306,-13.143,75.651,13.144,28.61,-80.6,0.219,-1.14E-05,0.126,8.00E-04,3498.52,2.442,0.441,0.015,83.896,61.504,15.066,26.466,0.559,0.099,2.57E-04,0,1.898
2.997,121.86,72.624,-13.833,74.981,13.877,28.61,-80.6,0.011,-2.50E-05,2.107,0.08,3497.983,1.906,0.441,0.015,83.969,61.5,11.343,25.988,0.559,0.005,-2.57E-04,0,1.933
3.047,125.474,71.906,-14.228,74.265,14.351,28.61,-80.6,0.172,-1.42E-05,-0.483,-0.004,3497.557,1.479,0.441,0.015,83.908,61.496,8.789,25.487,0.559,0.078,3.48E-04,0,1.955
3.097,129.05,71.172,-14.613,73.527,14.776,28.61,-80.6,0.231,1.17E-05,3.29,-4.45E-04,3497.231,1.153,0.441,0.015,83.884,61.494,6.691,24.983,0.558,0.104,-2.38E-04,0,2.025
3.144,132.372,70.47,-14.972,72.821,15.103,28.61,-80.6,0.14,5.30E-05,6.482,0.005,3496.995,0.917,0.441,0.015,83.914,61.492,5.195,24.508,0.558,0.063,-4.03E-04,0,2.115
3.194,135.877,69.702,-15.408,72.058,15.451,28.61,-80.6,0.152,-4.07E-05,-6.29,0.015,3496.801,0.723,0.441,0.015,83.907,61.49,4.011,23.967,0.558,0.069,-4.53E-04,0,2.023
3.244,139.342,68.916,-15.679,71.287,15.694,28.61,-80.6,0.325,1.38E-06,-2.018,6.06E-04,3496.653,0.576,0.441,0.015,83.841,61.489,3.032,23.428,0.558,0.146,3.06E-04,0,1.892
3.28,141.774,68.357,-15.664,70.74,15.69,28.61,-80.6,0.264,-1.89E-05,1.589,-0.003,3496.567,0.49,0.441,0.015,83.861,61.488,2.499,23.055,0.557,0.119,1.87E-04,0,1.865
3.327,145.005,67.616,-15.429,70.009,15.511,28.61,-80.6,0.027,-2.46E-05,3.543,0.019,3496.47,0.393,0.441,0.015,83.945,61.488,2.098,22.56,0.557,0.013,-3.69E-04,0,1.837
3.377,148.367,66.85,-15.157,69.243,15.327,28.61,-80.6,0.221,-3.01E-06,-2.035,-0.004,3496.381,0.304,0.441,0.015,83.872,61.487,1.84,22.06,0.557,0.1,6.03E-05,0,1.829
3.427,151.69,66.097,-14.997,68.484,15.203,28.61,-80.6,0.313,-1.97E-05,2.278,0.017,3496.3,0.222,0.441,0.015,83.836,61.486,1.675,21.574,0.557,0.142,-2.56E-04,0,1.847
3.468,154.365,65.488,-14.961,67.87,15.134,28.61,-80.6,0.247,-4.46E-05,5.791,0.004,3496.237,0.159,0.441,0.015,83.857,61.486,1.605,21.184,0.557,0.111,-3.57E-04,0,1.88
3.518,157.621,64.738,-15.04,67.121,15.123,28.61,-80.6,0.002,9.78E-06,-7.503,2.228,3496.161,0.084,0.441,0.015,83.944,61.485,1.551,20.707,0.556,0.001,4.08E-04,0,1.888
3.568,160.839,63.982,-15.102,66.377,15.135,28.61,-80.6,0.229,2.05E-05,-5.558,0.01,3496.089,0.012,0.441,0.015,83.859,61.484,1.496,20.241,0.556,0.104,-2.22E-05,0,1.855
# Event BURNOUT occurred at t=3.576 seconds,,,,,,,,,,,,,,,,,,,,,,,,
3.576,161.354,63.86,-15.118,66.257,15.145,28.61,-80.6,0.264,-1.21E-05,-5.167,0.019,3496.077,0,0.441,0.015,83.846,61.484,1.464,20.169,0.556,0.119,4.69E-04,0,1.866
3.588,162.126,63.673,-15.491,66.073,15.524,28.61,-80.6,0.271,-1.30E-05,-4.267,0.019,3496.077,0,0.441,0.015,83.843,61.484,0,20.059,0.556,0.122,3.02E-04,0,1.882
3.606,163.28,63.392,-15.44,65.797,15.474,28.61,-80.6,0.267,-1.46E-05,-2.93,0.019,3496.077,0,0.441,0.015,83.843,61.484,0,19.892,0.556,0.12,-2.54E-04,0,1.897
3.633,165,62.973,-15.345,65.386,15.383,28.61,-80.6,0.239,-1.12E-05,-1.04,0.013,3496.077,0,0.441,0.015,83.852,61.484,0,19.639,0.556,0.107,3.36E-04,0,1.894
3.674,167.56,62.35,-15.107,64.773,15.18,28.61,-80.6,0.068,-7.62E-06,0.814,0.013,3496.077,0,0.441,0.015,83.912,61.484,0,19.275,0.556,0.031,-1.58E-04,0,1.955
3.724,170.659,61.603,-14.814,64.029,14.951,28.61,-80.6,0.161,-1.50E-05,0.214,-0.013,3496.077,0,0.441,0.015,83.876,61.484,0,18.849,0.556,0.073,-2.63E-04,0,2.061
3.774,173.721,60.868,-14.634,63.292,14.796,28.61,-80.6,0.248,-7.15E-06,3.066,9.62E-04,3496.077,0,0.441,0.015,83.842,61.484,0,18.424,0.555,0.111,3.60E-04,0,2.121
3.824,176.746,60.139,-14.568,62.562,14.703,28.61,-80.6,0.175,-4.25E-05,5.75,-0.017,3496.077,0,0.441,0.015,83.866,61.484,0,18.002,0.555,0.079,2.03E-04,0,2.165
3.874,179.735,59.41,-14.612,61.837,14.684,28.61,-80.6,0.052,-6.49E-06,-6.983,-0.044,3496.077,0,0.441,0.015,83.909,61.484,0,17.577,0.555,0.024,2.87E-05,0,2.135
3.924,182.687,58.677,-14.661,61.118,14.69,28.61,-80.6,0.287,1.99E-05,-4.692,-0.011,3496.077,0,0.441,0.015,83.821,61.484,0,17.15,0.555,0.129,-2.55E-04,0,2.018
3.974,185.602,57.945,-14.578,60.404,14.6,28.61,-80.6,0.339,9.74E-06,-0.715,-0.009,3496.077,0,0.441,0.015,83.8,61.484,0,16.733,0.555,0.153,2.41E-04,0,1.915
4.024,188.437,57.232,-14.358,59.708,14.399,28.61,-80.6,0.19,-9.64E-06,2.401,0.004,3496.077,0,0.441,0.015,83.852,61.484,0,16.33,0.554,0.086,-3.84E-04,0,1.843
4.074,191.281,56.521,-14.059,59.008,14.153,28.61,-80.6,0.095,9.66E-06,-3.151,-0.012,3496.077,0,0.441,0.015,83.884,61.484,0,15.941,0.554,0.043,5.00E-04,0,1.824
4.124,194.09,55.826,-13.801,58.314,13.957,28.61,-80.6,0.339,-3.51E-06,-0.51,-0.007,3496.077,0,0.441,0.015,83.793,61.484,0,15.574,0.554,0.152,4.02E-04,0,1.847
4.174,196.864,55.14,-13.671,57.626,13.837,28.61,-80.6,0.391,-1.01E-05,3.528,-0.009,3496.077,0,0.441,0.015,83.772,61.484,0,15.208,0.554,0.176,2.78E-04,0,1.857
4.221,199.469,54.491,-13.691,56.977,13.802,28.61,-80.6,0.203,-1.91E-05,6.883,-0.005,3496.077,0,0.441,0.015,83.839,61.484,0,14.851,0.554,0.091,-2.31E-04,0,1.801
4.271,202.176,53.804,-13.723,56.3,13.787,28.61,-80.6,0.01,-2.12E-05,-7.081,0.064,3496.077,0,0.441,0.015,83.907,61.484,0,14.493,0.554,0.005,-2.17E-04,0,1.786
4.321,204.849,53.119,-13.69,55.627,13.738,28.61,-80.599,0.112,5.88E-06,-6.916,0.015,3496.077,0,0.441,0.015,83.868,61.484,0,14.165,0.553,0.051,3.80E-04,0,1.896
4.371,207.488,52.435,-13.654,54.959,13.687,28.61,-80.599,0.208,-2.82E-05,-5.281,0.026,3496.077,0,0.441,0.015,83.831,61.484,0,13.831,0.553,0.094,1.38E-04,0,1.922
4.421,210.093,51.754,-13.586,54.295,13.613,28.61,-80.599,0.256,-6.90E-06,-3.102,0.009,3496.077,0,0.441,0.015,83.812,61.484,0,13.495,0.553,0.115,4.55E-04,0,1.892
4.471,212.663,51.077,-13.45,53.637,13.484,28.61,-80.599,0.188,-1.21E-05,-0.759,0.017,3496.077,0,0.441,0.015,83.835,61.484,0,13.162,0.553,0.085,4.64E-04,0,1.856
4.521,215.201,50.41,-13.245,52.985,13.306,28.61,-80.599,0.008,-2.12E-06,-0.107,-0.004,3496.077,0,0.441,0.015,83.899,61.484,0,12.846,0.553,0.003,-4.89E-04,0,1.882
4.571,217.705,49.753,-13.037,52.338,13.134,28.61,-80.599,0.227,-1.80E-06,0.94,-0.005,3496.077,0,0.441,0.015,83.817,61.484,0,12.547,0.553,0.102,3.86E-04,0,1.947
# Event EJECTION_CHARGE occurred at t=4.576 seconds,,,,,,,,,,,,,,,,,,,,,,,,
4.576,217.948,49.689,-13.014,52.275,13.116,28.61,-80.599,0.255,-3.26E-06,1.155,-0.01,3496.077,0,0.441,0.015,83.807,61.484,0,12.518,0.553,0.115,-2.52E-04,0,1.955
4.583,218.314,49.594,-12.987,52.18,13.094,28.61,-80.599,0.281,-3.31E-06,1.494,-0.011,3496.077,0,0.441,0.015,83.797,61.484,0,12.475,0.553,0.126,4.35E-04,0,1.968
4.594,218.86,49.45,-12.951,52.039,13.064,28.61,-80.599,0.314,-3.42E-06,2.06,-0.01,3496.077,0,0.441,0.015,83.785,61.484,0,12.411,0.553,0.141,-3.99E-04,0,1.986
4.611,219.677,49.236,-12.924,51.826,13.036,28.61,-80.599,0.313,-3.56E-06,2.979,-0.009,3496.077,0,0.441,0.015,83.785,61.484,0,12.308,0.553,0.141,-1.31E-04,0,1.975
4.636,220.895,48.916,-12.913,51.509,13.012,28.61,-80.599,0.256,7.05E-07,4.165,-0.011,3496.077,0,0.441,0.015,83.804,61.484,0,12.149,0.553,0.115,-5.15E-05,0,1.929
4.673,222.708,48.435,-12.855,51.035,12.951,28.61,-80.599,0.254,2.38E-06,5.492,-0.01,3496.077,0,0.441,0.015,83.804,61.484,0,11.935,0.552,0.114,4.00E-04,0,1.981
4.723,225.114,47.794,-12.834,50.402,12.909,28.61,-80.599,0.143,-3.50E-05,7.701,-0.018,3496.077,0,0.441,0.015,83.843,61.484,0,11.65,0.552,0.063,4.89E-04,0,2.039
4.773,227.487,47.151,-12.853,49.774,12.9,28.61,-80.599,0.044,1.31E-05,-7.613,-0.04,3496.077,0,0.441,0.015,83.878,61.484,0,11.361,0.552,0.02,3.34E-04,0,2.033
4.823,229.829,46.509,-12.883,49.149,12.908,28.61,-80.599,0.251,-2.85E-06,-6.977,0.002,3496.077,0,0.441,0.015,83.8,61.484,0,11.076,0.552,0.113,-2.33E-04,0,1.999
4.873,232.138,45.864,-12.871,48.529,12.886,28.61,-80.599,0.383,-5.96E-06,-4.036,0.006,3496.077,0,0.441,0.015,83.751,61.484,0,10.788,0.552,0.172,-3.79E-04,0,1.907
4.923,234.415,45.223,-12.745,47.913,12.766,28.61,-80.599,0.296,5.26E-06,-1.533,-0.002,3496.077,0,0.441,0.015,83.781,61.484,0,10.516,0.552,0.133,3.67E-04,0,1.904
4.973,236.66,44.59,-12.549,47.302,12.59,28.61,-80.599,0.059,-6.49E-06,-0.078,0.007,3496.077,0,0.441,0.015,83.866,61.484,0,10.255,0.552,0.026,3.10E-04,0,1.942
5.023,238.874,43.968,-12.372,46.696,12.436,28.61,-80.599,0.154,-5.32E-06,0.727,0.002,3496.077,0,0.441,0.015,83.83,61.484,0,9.999,0.552,0.069,-2.35E-04,0,1.958
5.073,241.057,43.353,-12.217,46.094,12.304,28.61,-80.599,0.337,-1.11E-06,2.018,0.006,3496.077,0,0.441,0.015,83.762,61.484,0,9.753,0.552,0.151,-7.71E-05,0,1.988
5.123,243.21,42.746,-12.066,45.497,12.18,28.61,-80.599,0.523,-1.48E-06,5.003,0.003,3496.077,0,0.441,0.015,83.693,61.484,0,9.533,0.551,0.233,3.39E-04,0,2.14
5.173,245.332,42.145,-12.003,44.904,12.114,28.61,-80.599,0.524,5.04E-06,8.673,-0.003,3496.077,0,0.441,0.015,83.691,61.484,0,9.31,0.551,0.234,2.31E-04,0,2.274
5.223,247.424,41.545,-12.015,44.314,12.099,28.61,-80.599,0.359,-3.67E-05,11.363,-0.005,3496.077,0,0.441,0.015,83.75,61.484,0,9.085,0.551,0.158,4.15E-05,0,2.385
5.273,249.487,40.943,-12.093,43.728,12.14,28.61,-80.599,0.052,4.89E-06,12.921,-0.052,3496.077,0,0.441,0.015,83.861,61.484,0,8.858,0.551,0.02,-5.66E-05,0,2.454
5.323,251.519,40.334,-12.265,43.144,12.276,28.61,-80.599,0.463,4.21E-06,-11.928,-0.004,3496.077,0,0.441,0.015,83.71,61.484,0,8.614,0.551,0.21,2.34E-04,0,2.324
5.373,253.52,39.717,-12.386,42.563,12.386,28.61,-80.599,0.867,-2.78E-05,-7.486,0.004,3496.077,0,0.441,0.015,83.563,61.484,0,8.372,0.551,0.388,-1.89E-04,0,2.132
5.412,255.062,39.233,-12.374,42.111,12.374,28.61,-80.599,0.962,-2.96E-06,-3.45,0.001,3496.077,0,0.441,0.015,83.527,61.484,0,8.188,0.551,0.43,1.74E-04,0,2.03
5.449,256.497,38.778,-12.305,41.688,12.305,28.61,-80.599,0.938,-5.51E-06,0.523,0.004,3496.077,0,0.441,0.015,83.535,61.484,0,8.006,0.551,0.419,-3.68E-04,0,1.892
5.488,257.987,38.307,-12.078,41.247,12.085,28.61,-80.599,0.557,-1.30E-05,3.709,-7.30E-04,3496.077,0,0.441,0.015,83.671,61.484,0,7.833,0.551,0.249,-3.27E-04,0,1.929
5.538,259.888,37.712,-11.721,40.682,11.768,28.61,-80.599,0.138,-1.48E-05,-4.85,0.001,3496.077,0,0.441,0.015,83.822,61.484,0,7.639,0.551,0.063,-3.25E-04,0,2.072
5.588,261.759,37.132,-11.508,40.121,11.589,28.61,-80.599,0.53,3.07E-06,-2.798,-0.005,3496.077,0,0.441,0.015,83.679,61.484,0,7.432,0.551,0.237,4.05E-04,0,2.018
5.638,263.601,36.56,-11.393,39.564,11.489,28.61,-80.599,0.694,-6.19E-07,0.275,-0.003,3496.077,0,0.441,0.015,83.618,61.484,0,7.217,0.55,0.309,4.49E-06,0,1.894
5.688,265.415,35.993,-11.294,39.012,11.401,28.61,-80.599,0.829,0,3.973,0.002,3496.077,0,0.441,0.015,83.569,61.484,0,7.025,0.55,0.37,3.81E-04,0,1.891
5.737,267.19,35.434,-11.226,38.465,11.337,28.61,-80.599,0.883,-1.97E-05,8.095,-0.004,3496.077,0,0.441,0.015,83.548,61.484,0,6.848,0.55,0.393,2.28E-04,0,1.977
5.785,268.88,34.894,-11.266,37.94,11.347,28.61,-80.599,0.647,-3.92E-05,11.686,-0.004,3496.077,0,0.441,0.015,83.632,61.484,0,6.659,0.55,0.285,8.18E-05,0,1.973
5.835,270.611,34.328,-11.369,37.397,11.412,28.61,-80.599,0.23,0,13.612,0.011,3496.077,0,0.441,0.015,83.782,61.484,0,6.46,0.55,0.097,1.40E-04,0,1.921
5.885,272.313,33.757,-11.425,36.857,11.451,28.61,-80.599,0.059,1.44E-05,-13.783,0.068,3496.077,0,0.441,0.015,83.844,61.484,0,6.287,0.55,0.032,-2.51E-04,0,1.982
5.935,273.987,33.184,-11.518,36.32,11.528,28.61,-80.599,0.446,-9.46E-06,-12.858,0.015,3496.077,0,0.441,0.015,83.702,61.484,0,6.108,0.55,0.205,-2.14E-04,0,1.937
5.985,275.631,32.607,-11.544,35.786,11.549,28.61,-80.599,0.653,-1.17E-05,-10.302,0.016,3496.077,0,0.441,0.015,83.626,61.484,0,5.939,0.55,0.295,3.43E-04,0,1.931
6.035,277.247,32.03,-11.506,35.255,11.51,28.61,-80.599,0.687,-8.89E-07,-7.593,0.014,3496.077,0,0.441,0.015,83.612,61.484,0,5.773,0.55,0.308,4.34E-04,0,1.947
6.085,278.835,31.457,-11.407,34.728,11.414,28.61,-80.599,0.556,1.18E-05,-5.056,0.007,3496.077,0,0.441,0.015,83.659,61.484,0,5.609,0.55,0.249,-3.51E-04,0,1.977
6.135,280.393,30.89,-11.267,34.205,11.281,28.61,-80.599,0.296,2.24E-06,-3.398,0.008,3496.077,0,0.441,0.015,83.753,61.484,0,5.452,0.55,0.132,-4.87E-05,0,2.025
6.185,281.924,30.331,-11.127,33.686,11.15,28.61,-80.599,0.02,4.33E-06,-2.831,-0.035,3496.077,0,0.441,0.015,83.852,61.484,0,5.296,0.55,0.009,5.82E-05,0,2.048
6.235,283.426,29.777,-11.013,33.172,11.045,28.61,-80.599,0.192,-8.58E-07,3.166,-0.016,3496.077,0,0.441,0.015,83.789,61.484,0,5.139,0.549,0.085,1.00E-04,0,2.025
6.285,284.902,29.229,-10.915,32.661,10.953,28.61,-80.599,0.372,0,4.134,-0.012,3496.077,0,0.441,0.015,83.722,61.484,0,4.987,0.549,0.165,4.96E-04,0,2.004
6.335,286.349,28.687,-10.789,32.154,10.842,28.61,-80.599,0.654,2.18E-06,5.787,-0.014,3496.077,0,0.441,0.015,83.619,61.484,0,4.857,0.549,0.29,2.37E-04,0,2.097
6.385,287.77,28.149,-10.76,31.65,10.809,28.61,-80.599,0.628,1.37E-05,8.141,-0.016,3496.077,0,0.441,0.015,83.628,61.484,0,4.706,0.549,0.278,1.84E-05,0,2.052
6.435,289.164,27.611,-10.711,31.15,10.76,28.61,-80.599,0.674,-2.78E-05,9.983,-0.018,3496.077,0,0.441,0.015,83.611,61.484,0,4.575,0.549,0.296,-7.90E-05,0,2.109
6.485,290.531,27.076,-10.707,30.653,10.749,28.61,-80.599,0.568,2.16E-05,12.065,-0.013,3496.077,0,0.441,0.015,83.648,61.484,0,4.438,0.549,0.247,-4.36E-04,0,2.131
6.535,291.872,26.54,-10.744,30.16,10.774,28.61,-80.599,0.318,3.19E-06,13.342,-0.008,3496.077,0,0.441,0.015,83.738,61.484,0,4.296,0.549,0.134,-5.79E-05,0,2.094
6.585,293.185,26.002,-10.776,29.67,10.797,28.61,-80.599,0.084,-4.63E-06,13.851,0.041,3496.077,0,0.441,0.015,83.823,61.484,0,4.162,0.549,0.028,3.71E-04,0,2.081
6.635,294.472,25.462,-10.824,29.183,10.837,28.61,-80.599,0.211,2.33E-05,-13.673,0.031,3496.077,0,0.441,0.015,83.775,61.484,0,4.026,0.549,0.103,2.47E-04,0,2.019
6.685,295.732,24.92,-10.878,28.699,10.885,28.61,-80.599,0.536,-2.22E-05,-12.592,0.024,3496.077,0,0.441,0.015,83.656,61.484,0,3.887,0.549,0.246,-4.52E-04,0,1.9
6.735,296.964,24.375,-10.89,28.22,10.894,28.61,-80.599,0.718,1.20E-05,-10.831,0.016,3496.077,0,0.441,0.015,83.59,61.484,0,3.755,0.549,0.326,2.82E-04,0,1.81
6.785,298.169,23.832,-10.829,27.744,10.834,28.61,-80.599,0.632,1.59E-05,-9,0.017,3496.077,0,0.441,0.015,83.62,61.484,0,3.637,0.549,0.286,3.10E-04,0,1.818
6.835,299.347,23.292,-10.755,27.272,10.761,28.61,-80.599,0.496,1.41E-05,-7.638,0.019,3496.077,0,0.441,0.015,83.669,61.484,0,3.517,0.549,0.224,2.48E-04,0,1.801
6.885,300.498,22.756,-10.697,26.805,10.705,28.61,-80.599,0.42,6.11E-06,-6.549,0.021,3496.077,0,0.441,0.015,83.696,61.484,0,3.391,0.549,0.19,3.75E-04,0,1.704
6.935,301.623,22.223,-10.591,26.343,10.603,28.61,-80.599,0.136,4.96E-06,-5.781,0.035,3496.077,0,0.441,0.015,83.798,61.484,0,3.279,0.549,0.063,-2.41E-04,0,1.697
6.985,302.721,21.697,-10.48,25.885,10.497,28.61,-80.599,0.191,-1.13E-05,5.886,-0.003,3496.077,0,0.441,0.015,83.778,61.484,0,3.174,0.549,0.083,1.56E-05,0,1.705
7.035,303.793,21.175,-10.415,25.432,10.434,28.61,-80.599,0.339,-1.02E-05,6.506,-0.013,3496.077,0,0.441,0.015,83.723,61.484,0,3.058,0.549,0.148,4.17E-04,0,1.614
7.085,304.838,20.655,-10.355,24.983,10.376,28.61,-80.599,0.479,-3.24E-06,7.289,-0.018,3496.077,0,0.441,0.015,83.672,61.484,0,2.948,0.549,0.21,2.74E-04,0,1.533
7.135,305.858,20.14,-10.258,24.538,10.285,28.61,-80.599,0.798,9.42E-06,8.493,-0.017,3496.077,0,0.441,0.015,83.556,61.484,0,2.859,0.549,0.35,-2.08E-04,0,1.576
7.185,306.852,19.629,-10.177,24.098,10.209,28.61,-80.599,1.062,0,10.337,-0.017,3496.077,0,0.441,0.015,83.461,61.484,0,2.775,0.549,0.465,-1.60E-04,0,1.626
7.235,307.821,19.121,-10.177,23.663,10.204,28.61,-80.599,0.962,1.33E-05,12.3,-0.018,3496.077,0,0.441,0.015,83.496,61.484,0,2.665,0.548,0.417,3.18E-04,0,1.517
7.285,308.764,18.612,-10.173,23.232,10.197,28.61,-80.599,0.876,6.00E-06,13.808,-0.02,3496.077,0,0.441,0.015,83.526,61.484,0,2.565,0.548,0.376,8.19E-05,0,1.447
7.335,309.682,18.104,-10.128,22.806,10.153,28.61,-80.599,0.992,2.58E-06,15.338,-0.019,3496.077,0,0.441,0.015,83.485,61.484,0,2.489,0.548,0.423,-4.08E-04,0,1.519
7.385,310.575,17.598,-10.127,22.384,10.15,28.61,-80.599,0.893,-2.47E-05,16.961,-0.019,3496.077,0,0.441,0.015,83.519,61.484,0,2.401,0.548,0.375,-2.53E-04,0,1.504
7.435,311.442,17.092,-10.127,21.968,10.147,28.61,-80.599,0.791,-1.29E-05,18.17,-0.015,3496.077,0,0.441,0.015,83.555,61.484,0,2.318,0.548,0.325,-4.12E-04,0,1.507
7.485,312.284,16.586,-10.111,21.557,10.129,28.61,-80.599,0.772,3.63E-06,19.296,-0.008,3496.077,0,0.441,0.015,83.562,61.484,0,2.247,0.548,0.312,-1.88E-04,0,1.572
7.535,313.101,16.081,-10.092,21.151,10.109,28.61,-80.599,0.771,2.32E-05,20.365,-0.002,3496.077,0,0.441,0.015,83.562,61.484,0,2.182,0.548,0.308,2.85E-04,0,1.659
7.585,313.892,15.576,-10.095,20.751,10.111,28.61,-80.599,0.654,-1.18E-06,21.327,0.003,3496.077,0,0.441,0.015,83.604,61.484,0,2.111,0.548,0.251,2.58E-06,0,1.696
7.635,314.658,15.071,-10.086,20.357,10.1,28.61,-80.599,0.606,-1.49E-05,22.05,0.012,3496.077,0,0.441,0.015,83.62,61.484,0,2.049,0.548,0.225,1.90E-04,0,1.773
7.685,315.399,14.567,-10.117,19.969,10.128,28.61,-80.599,0.338,-9.18E-07,22.649,0.039,3496.077,0,0.441,0.015,83.717,61.484,0,1.973,0.548,0.102,4.66E-04,0,1.732
7.735,316.115,14.06,-10.12,19.587,10.129,28.61,-80.599,0.224,5.01E-06,22.782,0.08,3496.077,0,0.441,0.015,83.758,61.484,0,1.909,0.548,0.049,2.91E-04,0,1.76
7.785,316.805,13.555,-10.115,19.211,10.124,28.61,-80.599,0.152,8.15E-06,22.913,0.134,3496.077,0,0.441,0.015,83.785,61.484,0,1.85,0.548,0.014,1.11E-04,0,1.798
7.835,317.47,13.048,-10.134,18.843,10.141,28.61,-80.599,0.062,0,-22.84,0.437,3496.077,0,0.441,0.015,83.817,61.484,0,1.779,0.548,0.082,-9.23E-05,0,1.738
7.885,318.11,12.542,-10.115,18.482,10.122,28.61,-80.599,0.058,2.64E-05,-22.543,0.472,3496.077,0,0.441,0.015,83.818,61.484,0,1.724,0.548,0.081,9.76E-05,0,1.769
7.935,318.725,12.037,-10.096,18.129,10.103,28.61,-80.599,0.048,7.73E-06,-22.388,0.496,3496.077,0,0.441,0.015,83.821,61.484,0,1.668,0.548,0.078,-4.80E-05,0,1.78
7.985,319.314,11.533,-10.055,17.784,10.062,28.61,-80.599,0.096,6.96E-06,22.328,0.126,3496.077,0,0.441,0.015,83.804,61.484,0,1.622,0.548,-0.015,1.77E-06,0,1.842
8.035,319.878,11.031,-10.022,17.448,10.029,28.61,-80.599,0.198,-1.25E-05,22.346,0.005,3496.077,0,0.441,0.015,83.766,61.484,0,1.572,0.548,0.028,1.05E-04,0,1.863
8.085,320.417,10.53,-10.006,17.121,10.014,28.61,-80.599,0.195,-1.39E-05,22.414,-0.034,3496.077,0,0.441,0.015,83.767,61.484,0,1.514,0.548,0.024,1.25E-04,0,1.804
8.135,320.931,10.03,-10.004,16.803,10.01,28.61,-80.599,0.113,-1.25E-05,22.434,-0.098,3496.077,0,0.441,0.015,83.797,61.484,0,1.449,0.548,-0.015,4.02E-04,0,1.677
8.185,321.42,9.53,-9.982,16.495,9.988,28.61,-80.599,0.154,-1.01E-05,22.386,-0.119,3496.077,0,0.441,0.015,83.781,61.484,0,1.393,0.548,7.42E-04,4.74E-04,0,1.594
8.235,321.884,9.032,-9.929,16.197,9.936,28.61,-80.599,0.416,-3.00E-06,22.488,-0.076,3496.077,0,0.441,0.015,83.685,61.484,0,1.354,0.548,0.115,-2.78E-04,0,1.619
8.285,322.323,8.538,-9.839,15.91,9.848,28.61,-80.599,0.922,1.32E-05,22.934,-0.054,3496.077,0,0.441,0.015,83.503,61.484,0,1.338,0.548,0.336,-1.04E-04,0,1.785
8.335,322.738,8.048,-9.787,15.634,9.796,28.61,-80.599,1.193,8.95E-06,23.804,-0.051,3496.077,0,0.441,0.015,83.406,61.484,0,1.306,0.548,0.447,-3.03E-04,0,1.817
8.385,323.128,7.559,-9.76,15.37,9.769,28.61,-80.599,1.309,3.03E-06,24.723,-0.05,3496.077,0,0.441,0.015,83.365,61.484,0,1.261,0.548,0.489,-1.23E-04,0,1.752
8.435,323.494,7.072,-9.709,15.117,9.719,28.61,-80.599,1.588,8.68E-06,25.74,-0.044,3496.077,0,0.441,0.015,83.266,61.484,0,1.237,0.548,0.602,-4.75E-04,0,1.805
8.485,323.835,6.588,-9.659,14.877,9.67,28.61,-80.599,1.854,-9.73E-06,27.003,-0.041,3496.077,0,0.441,0.015,83.173,61.484,0,1.217,0.548,0.707,5.00E-04,0,1.875
8.535,324.153,6.106,-9.658,14.649,9.667,28.61,-80.599,1.83,-2.79E-06,28.321,-0.037,3496.077,0,0.441,0.015,83.181,61.484,0,1.17,0.548,0.68,1.92E-04,0,1.753
8.585,324.446,5.623,-9.643,14.436,9.651,28.61,-80.599,1.89,2.60E-06,29.489,-0.031,3496.077,0,0.441,0.015,83.16,61.484,0,1.136,0.548,0.692,5.66E-05,0,1.702
8.635,324.715,5.141,-9.615,14.236,9.624,28.61,-80.599,2.026,1.10E-05,30.733,-0.026,3496.077,0,0.441,0.015,83.112,61.484,0,1.117,0.548,0.735,-3.90E-04,0,1.734
8.685,324.96,4.661,-9.608,14.05,9.616,28.61,-80.599,2.034,1.37E-05,31.989,-0.019,3496.077,0,0.441,0.015,83.109,61.484,0,1.086,0.548,0.721,-1.68E-04,0,1.68
8.735,325.181,4.181,-9.592,13.88,9.6,28.61,-80.599,2.09,1.55E-05,33.162,-0.013,3496.077,0,0.441,0.015,83.09,61.484,0,1.066,0.548,0.728,1.62E-04,0,1.69
8.785,325.378,3.702,-9.569,13.725,9.577,28.61,-80.599,2.182,-5.44E-06,34.372,-0.01,3496.077,0,0.441,0.015,83.058,61.484,0,1.06,0.548,0.753,-4.63E-04,0,1.778
8.835,325.551,3.224,-9.559,13.585,9.566,28.61,-80.599,2.193,4.60E-06,35.592,-0.005,3496.077,0,0.441,0.015,83.054,61.484,0,1.05,0.548,0.739,1.55E-04,0,1.831
8.885,325.701,2.746,-9.568,13.462,9.574,28.61,-80.599,2.083,9.44E-06,36.727,0.003,3496.077,0,0.441,0.015,83.092,61.484,0,1.025,0.548,0.67,-9.18E-05,0,1.767
8.935,325.826,2.267,-9.568,13.356,9.574,28.61,-80.599,2.017,-1.85E-05,37.723,0.008,3496.077,0,0.441,0.015,83.115,61.484,0,1.016,0.548,0.626,-3.15E-04,0,1.806
8.985,325.927,1.789,-9.58,13.267,9.585,28.61,-80.599,1.879,3.43E-06,38.654,0.018,3496.077,0,0.441,0.015,83.163,61.484,0,0.998,0.548,0.548,-3.58E-05,0,1.763
9.035,326.005,1.309,-9.584,13.195,9.589,28.61,-80.599,1.769,2.79E-06,39.433,0.023,3496.077,0,0.441,0.015,83.201,61.484,0,0.999,0.548,0.488,4.15E-04,0,1.84
9.085,326.058,0.83,-9.594,13.141,9.599,28.61,-80.599,1.615,-8.57E-06,40.139,0.029,3496.077,0,0.441,0.015,83.255,61.484,0,1,0.548,0.411,4.25E-04,0,1.912
9.135,326.088,0.35,-9.613,13.104,9.617,28.61,-80.599,1.418,1.76E-05,40.695,0.043,3496.077,0,0.441,0.015,83.324,61.484,0,0.99,0.548,0.313,-2.40E-04,0,1.88
# Event APOGEE occurred at t=9.185 seconds,,,,,,,,,,,,,,,,,,,,,,,,
9.185,326.093,-0.131,-9.632,13.086,9.636,28.61,-80.599,1.214,1.69E-05,41.096,0.059,3496.077,0,0.441,0.015,83.397,61.484,0,0.983,0.548,0.215,-2.09E-04,0,1.856
9.235,326.075,-0.613,-9.651,13.086,9.655,28.61,-80.599,0.994,3.31E-06,41.348,0.079,3496.077,0,0.441,0.015,83.475,61.484,0,0.988,0.548,0.116,-1.90E-05,0,1.907
9.285,326.032,-1.097,-9.674,13.103,9.678,28.61,-80.599,0.736,2.54E-06,41.446,0.106,3496.077,0,0.441,0.015,83.568,61.484,0,1.004,0.548,0.005,-4.23E-04,0,2.026
9.335,325.965,-1.581,-9.697,13.139,9.701,28.61,-80.599,0.499,-6.76E-06,41.366,0.175,3496.077,0,0.441,0.015,83.653,61.484,0,1.006,0.548,-0.097,-3.09E-04,0,2.018
9.385,325.874,-2.066,-9.719,13.192,9.724,28.61,-80.599,0.257,-4.29E-06,41.138,0.379,3496.077,0,0.441,0.015,83.741,61.484,0,1.013,0.548,-0.2,2.17E-04,0,2.029
9.435,325.758,-2.553,-9.745,13.263,9.749,28.61,-80.599,0.009,4.15E-06,-39.007,12.251,3496.077,0,0.441,0.015,83.832,61.484,0,1.027,0.548,0.019,2.74E-04,0,2.079
9.485,325.618,-3.041,-9.772,13.351,9.777,28.61,-80.599,0.282,-1.12E-05,-40.416,0.392,3496.077,0,0.441,0.015,83.732,61.484,0,1.045,0.548,0.419,1.17E-04,0,2.136
9.535,325.454,-3.53,-9.794,13.456,9.799,28.61,-80.599,0.513,1.80E-05,-39.698,0.202,3496.077,0,0.441,0.015,83.648,61.484,0,1.059,0.548,0.508,-2.93E-04,0,2.142
9.585,325.265,-4.02,-9.808,13.578,9.813,28.61,-80.599,0.687,-8.94E-06,-38.805,0.136,3496.077,0,0.441,0.015,83.586,61.484,0,1.07,0.548,0.571,3.78E-04,0,2.113
9.635,325.052,-4.51,-9.806,13.716,9.811,28.61,-80.599,0.75,-1.22E-05,-37.832,0.109,3496.077,0,0.441,0.015,83.563,61.484,0,1.072,0.548,0.585,3.00E-04,0,2.007
9.685,324.814,-5.001,-9.819,13.869,9.825,28.61,-80.599,0.915,3.95E-06,-36.835,0.064,3496.077,0,0.441,0.015,83.504,61.484,0,1.094,0.548,0.64,-3.29E-04,0,2.027
9.735,324.552,-5.492,-9.836,14.038,9.843,28.61,-80.599,1.106,-5.88E-06,-35.667,0.03,3496.077,0,0.441,0.015,83.436,61.484,0,1.124,0.548,0.704,-1.61E-04,0,2.089
9.785,324.265,-5.984,-9.826,14.221,9.833,28.61,-80.599,1.109,1.78E-05,-34.419,0.01,3496.077,0,0.441,0.015,83.435,61.484,0,1.138,0.548,0.688,-2.18E-04,0,2.023
9.835,323.954,-6.475,-9.794,14.418,9.801,28.61,-80.599,0.963,-1.08E-05,-33.269,-0.003,3496.077,0,0.441,0.015,83.487,61.484,0,1.142,0.548,0.61,-3.51E-04,0,1.875
9.885,323.618,-6.964,-9.8,14.628,9.808,28.61,-80.599,1.077,-2.12E-06,-32.203,-0.024,3496.077,0,0.441,0.015,83.447,61.484,0,1.176,0.548,0.644,3.03E-04,0,1.928
9.935,323.257,-7.455,-9.813,14.851,9.821,28.61,-80.599,1.233,3.91E-06,-30.928,-0.038,3496.077,0,0.441,0.015,83.391,61.484,0,1.218,0.548,0.696,5.08E-05,0,2.021
9.985,322.872,-7.945,-9.806,15.086,9.815,28.61,-80.599,1.254,-9.54E-06,-29.593,-0.047,3496.077,0,0.441,0.015,83.384,61.484,0,1.252,0.548,0.688,1.54E-07,0,2.041
10.035,322.463,-8.436,-9.82,15.332,9.831,28.61,-80.599,1.414,-3.01E-06,-28.223,-0.051,3496.077,0,0.441,0.015,83.328,61.484,0,1.302,0.548,0.742,-2.52E-04,0,2.162
10.085,322.029,-8.927,-9.812,15.588,9.823,28.61,-80.599,1.428,1.33E-05,-26.66,-0.055,3496.077,0,0.441,0.015,83.323,61.484,0,1.344,0.548,0.733,3.26E-04,0,2.215
10.135,321.57,-9.416,-9.74,15.855,9.75,28.61,-80.599,1.036,-1.98E-06,-25.27,-0.067,3496.077,0,0.441,0.015,83.462,61.484,0,1.355,0.548,0.549,-3.93E-04,0,2.048
10.185,321.087,-9.902,-9.7,16.132,9.709,28.61,-80.599,0.849,-9.07E-07,-24.293,-0.073,3496.077,0,0.441,0.015,83.529,61.484,0,1.387,0.548,0.458,-3.96E-04,0,2.008
10.235,320.58,-10.386,-9.663,16.418,9.672,28.61,-80.599,0.69,-1.36E-05,-23.337,-0.076,3496.077,0,0.441,0.015,83.587,61.484,0,1.424,0.548,0.379,3.60E-04,0,1.991
10.285,320.049,-10.868,-9.621,16.711,9.629,28.61,-80.599,0.499,1.07E-05,-22.599,-0.083,3496.077,0,0.441,0.015,83.656,61.484,0,1.461,0.548,0.288,3.66E-04,0,1.954
10.335,319.493,-11.348,-9.568,17.013,9.574,28.61,-80.599,0.243,9.75E-06,-22.059,-0.097,3496.077,0,0.441,0.015,83.749,61.484,0,1.495,0.548,0.17,-2.94E-04,0,1.878
10.385,318.914,-11.825,-9.529,17.322,9.536,28.61,-80.599,0.09,1.59E-06,-21.779,-0.077,3496.077,0,0.441,0.015,83.805,61.484,0,1.537,0.548,0.099,3.54E-04,0,1.845
10.435,318.311,-12.301,-9.503,17.638,9.51,28.61,-80.599,0.024,-1.55E-05,-21.574,0.327,3496.077,0,0.441,0.015,83.83,61.484,0,1.585,0.548,0.052,3.36E-04,0,1.844
10.485,317.684,-12.775,-9.479,17.96,9.485,28.61,-80.599,0.03,2.94E-05,21.559,0.705,3496.077,0,0.441,0.015,83.828,61.484,0,1.633,0.548,-0.037,-3.22E-04,0,1.831
10.535,317.033,-13.249,-9.467,18.288,9.474,28.61,-80.599,0.002,1.03E-05,0,0,3496.077,0,0.441,0.015,83.838,61.484,0,1.687,0.548,9.68E-04,3.52E-04,0,1.845
10.585,316.359,-13.722,-9.446,18.621,9.453,28.61,-80.599,0.025,0,21.327,1.854,3496.077,0,0.441,0.015,83.83,61.484,0,1.737,0.548,-0.031,-3.62E-04,0,1.815
10.635,315.661,-14.194,-9.45,18.96,9.457,28.61,-80.599,0.105,-1.42E-05,-21.405,0.521,3496.077,0,0.441,0.015,83.801,61.484,0,1.797,0.548,0.095,-3.85E-04,0,1.847
# Event RECOVERY_DEVICE_DEPLOYMENT occurred at t=10.685 seconds,,,,,,,,,,,,,,,,,,,,,,,,
10.685,314.94,-14.666,-9.453,19.303,9.462,28.61,-80.599,0.227,-2.88E-06,-20.989,0.258,3496.077,0,0.441,0.015,83.757,61.484,0,1.858,0.548,0.146,-2.94E-04,0,1.868
10.687,314.911,-14.641,12.864,20.519,25.721,28.61,-80.599,NaN,NaN,NaN,NaN,3496.077,0,NaN,NaN,NaN,NaN,0,111.08,NaN,NaN,NaN,NaN,1.868
10.7,314.722,-14.476,12.773,20.199,25.572,28.61,-80.599,NaN,NaN,NaN,NaN,3496.077,0,NaN,NaN,NaN,NaN,0,110.561,NaN,NaN,NaN,NaN,1.869
10.713,314.532,-14.315,12.171,19.889,24.599,28.61,-80.599,NaN,NaN,NaN,NaN,3496.077,0,NaN,NaN,NaN,NaN,0,107.157,NaN,NaN,NaN,NaN,1.87
10.729,314.311,-14.135,11.626,19.567,23.762,28.61,-80.599,NaN,NaN,NaN,NaN,3496.077,0,NaN,NaN,NaN,NaN,0,104.198,NaN,NaN,NaN,NaN,1.914
10.745,314.081,-13.954,11.02,19.245,22.833,28.61,-80.599,NaN,NaN,NaN,NaN,3496.077,0,NaN,NaN,NaN,NaN,0,100.911,NaN,NaN,NaN,NaN,1.966
10.763,313.839,-13.772,10.419,18.919,21.912,28.61,-80.599,NaN,NaN,NaN,NaN,3496.077,0,NaN,NaN,NaN,NaN,0,97.651,NaN,NaN,NaN,NaN,2.021
10.78,313.599,-13.6,9.8,18.592,20.931,28.61,-80.599,NaN,NaN,NaN,NaN,3496.077,0,NaN,NaN,NaN,NaN,0,94.199,NaN,NaN,NaN,NaN,2.05
10.799,313.35,-13.431,9.214,18.259,19.991,28.61,-80.599,NaN,NaN,NaN,NaN,3496.077,0,NaN,NaN,NaN,NaN,0,90.903,NaN,NaN,NaN,NaN,2.069
10.818,313.088,-13.26,8.643,17.92,19.074,28.61,-80.599,NaN,NaN,NaN,NaN,3496.077,0,NaN,NaN,NaN,NaN,0,87.684,NaN,NaN,NaN,NaN,2.088
10.837,312.839,-13.109,8.035,17.579,18.043,28.61,-80.599,NaN,NaN,NaN,NaN,3496.077,0,NaN,NaN,NaN,NaN,0,84.114,NaN,NaN,NaN,NaN,2.052
10.857,312.576,-12.958,7.495,17.234,17.121,28.61,-80.599,NaN,NaN,NaN,NaN,3496.077,0,NaN,NaN,NaN,NaN,0,80.929,NaN,NaN,NaN,NaN,2.013
10.881,312.278,-12.796,6.978,16.882,16.264,28.61,-80.599,NaN,NaN,NaN,NaN,3496.077,0,NaN,NaN,NaN,NaN,0,77.948,NaN,NaN,NaN,NaN,2.002
10.909,311.918,-12.613,6.467,16.516,15.468,28.61,-80.599,NaN,NaN,NaN,NaN,3496.077,0,NaN,NaN,NaN,NaN,0,75.132,NaN,NaN,NaN,NaN,2.049
10.938,311.548,-12.439,5.882,16.154,14.538,28.61,-80.599,NaN,NaN,NaN,NaN,3496.077,0,NaN,NaN,NaN,NaN,0,71.859,NaN,NaN,NaN,NaN,2.087
10.969,311.177,-12.28,5.302,15.79,13.577,28.61,-80.599,NaN,NaN,NaN,NaN,3496.077,0,NaN,NaN,NaN,NaN,0,68.517,NaN,NaN,NaN,NaN,2.081
11.003,310.756,-12.115,4.785,15.416,12.732,28.61,-80.599,NaN,NaN,NaN,NaN,3496.077,0,NaN,NaN,NaN,NaN,0,65.567,NaN,NaN,NaN,NaN,2.096
11.042,310.282,-11.947,4.261,15.036,11.888,28.61,-80.599,NaN,NaN,NaN,NaN,3496.077,0,NaN,NaN,NaN,NaN,0,62.607,NaN,NaN,NaN,NaN,2.131
11.091,309.708,-11.765,3.757,14.642,11.112,28.61,-80.599,NaN,NaN,NaN,NaN,3496.077,0,NaN,NaN,NaN,NaN,0,59.84,NaN,NaN,NaN,NaN,2.223
11.133,309.211,-11.632,3.125,14.266,10.009,28.61,-80.599,NaN,NaN,NaN,NaN,3496.077,0,NaN,NaN,NaN,NaN,0,56.078,NaN,NaN,NaN,NaN,2.169
11.179,308.687,-11.513,2.63,13.887,9.1,28.61,-80.599,NaN,NaN,NaN,NaN,3496.077,0,NaN,NaN,NaN,NaN,0,53.047,NaN,NaN,NaN,NaN,2.07
11.231,308.085,-11.399,2.18,13.511,8.27,28.61,-80.599,NaN,NaN,NaN,NaN,3496.077,0,NaN,NaN,NaN,NaN,0,50.299,NaN,NaN,NaN,NaN,1.978
11.295,307.358,-11.286,1.753,13.136,7.486,28.61,-80.599,NaN,NaN,NaN,NaN,3496.077,0,NaN,NaN,NaN,NaN,0,47.716,NaN,NaN,NaN,NaN,1.911
11.396,306.233,-11.147,1.392,12.724,6.892,28.61,-80.599,NaN,NaN,NaN,NaN,3496.077,0,NaN,NaN,NaN,NaN,0,45.673,NaN,NaN,NaN,NaN,2.004
11.47,305.406,-11.09,0.764,12.359,5.61,28.61,-80.599,NaN,NaN,NaN,NaN,3496.077,0,NaN,NaN,NaN,NaN,0,41.709,NaN,NaN,NaN,NaN,1.737
11.603,303.935,-11.022,0.51,12.012,5.085,28.61,-80.599,NaN,NaN,NaN,NaN,3496.077,0,NaN,NaN,NaN,NaN,0,40.126,NaN,NaN,NaN,NaN,1.729
11.818,301.574,-10.973,0.226,11.678,4.514,28.61,-80.599,NaN,NaN,NaN,NaN,3496.077,0,NaN,NaN,NaN,NaN,0,38.408,NaN,NaN,NaN,NaN,1.916
12.025,299.298,-11.003,-0.144,11.486,3.543,28.61,-80.599,NaN,NaN,NaN,NaN,3496.077,0,NaN,NaN,NaN,NaN,0,35.928,NaN,NaN,NaN,NaN,1.95
12.394,295.219,-11.095,-0.247,11.339,2.999,28.61,-80.599,NaN,NaN,NaN,NaN,3496.077,0,NaN,NaN,NaN,NaN,0,34.967,NaN,NaN,NaN,NaN,2.102
12.705,291.747,-11.206,-0.359,11.315,1.844,28.61,-80.599,NaN,NaN,NaN,NaN,3496.077,0,NaN,NaN,NaN,NaN,0,33.577,NaN,NaN,NaN,NaN,1.887
13.205,286.114,-11.324,-0.236,11.364,1.422,28.61,-80.599,NaN,NaN,NaN,NaN,3496.077,0,NaN,NaN,NaN,NaN,0,33.765,NaN,NaN,NaN,NaN,1.968
13.705,280.439,-11.378,-0.107,11.387,0.698,28.61,-80.599,NaN,NaN,NaN,NaN,3496.077,0,NaN,NaN,NaN,NaN,0,33.942,NaN,NaN,NaN,NaN,1.831
14.205,274.75,-11.376,0.003,11.391,0.86,28.61,-80.599,NaN,NaN,NaN,NaN,3496.077,0,NaN,NaN,NaN,NaN,0,34.373,NaN,NaN,NaN,NaN,2.369
14.705,269.059,-11.389,-0.025,11.392,0.354,28.61,-80.599,NaN,NaN,NaN,NaN,3496.077,0,NaN,NaN,NaN,NaN,0,34.164,NaN,NaN,NaN,NaN,2.211
15.205,263.364,-11.391,-0.004,11.391,0.083,28.61,-80.599,NaN,NaN,NaN,NaN,3496.077,0,NaN,NaN,NaN,NaN,0,34.217,NaN,NaN,NaN,NaN,2.072
15.705,257.669,-11.389,0.005,11.389,0.133,28.61,-80.599,NaN,NaN,NaN,NaN,3496.077,0,NaN,NaN,NaN,NaN,0,34.252,NaN,NaN,NaN,NaN,2.172
16.205,251.975,-11.385,0.008,11.386,0.229,28.61,-80.599,NaN,NaN,NaN,NaN,3496.077,0,NaN,NaN,NaN,NaN,0,34.268,NaN,NaN,NaN,NaN,2.35
16.705,246.283,-11.383,0.004,11.383,0.067,28.61,-80.599,NaN,NaN,NaN,NaN,3496.077,0,NaN,NaN,NaN,NaN,0,34.245,NaN,NaN,NaN,NaN,2.276
17.205,240.594,-11.376,0.014,11.379,0.413,28.61,-80.599,NaN,NaN,NaN,NaN,3496.077,0,NaN,NaN,NaN,NaN,0,34.311,NaN,NaN,NaN,NaN,1.753
17.705,234.906,-11.375,9.14E-04,11.376,0.209,28.61,-80.599,NaN,NaN,NaN,NaN,3496.077,0,NaN,NaN,NaN,NaN,0,34.242,NaN,NaN,NaN,NaN,1.783
18.205,229.219,-11.373,0.003,11.373,0.026,28.61,-80.599,NaN,NaN,NaN,NaN,3496.077,0,NaN,NaN,NaN,NaN,0,34.243,NaN,NaN,NaN,NaN,1.952
18.705,223.533,-11.37,0.006,11.37,0.108,28.61,-80.599,NaN,NaN,NaN,NaN,3496.077,0,NaN,NaN,NaN,NaN,0,34.255,NaN,NaN,NaN,NaN,2.059
19.205,217.849,-11.367,0.006,11.367,0.026,28.61,-80.599,NaN,NaN,NaN,NaN,3496.077,0,NaN,NaN,NaN,NaN,0,34.251,NaN,NaN,NaN,NaN,1.959
19.705,212.167,-11.36,0.014,11.363,0.405,28.61,-80.599,NaN,NaN,NaN,NaN,3496.077,0,NaN,NaN,NaN,NaN,0,34.311,NaN,NaN,NaN,NaN,2.444
20.205,206.487,-11.361,-9.24E-04,11.361,0.047,28.61,-80.599,NaN,NaN,NaN,NaN,3496.077,0,NaN,NaN,NaN,NaN,0,34.228,NaN,NaN,NaN,NaN,2.232
20.705,200.807,-11.358,0.005,11.358,0.006,28.61,-80.599,NaN,NaN,NaN,NaN,3496.077,0,NaN,NaN,NaN,NaN,0,34.249,NaN,NaN,NaN,NaN,2.198
21.205,195.129,-11.353,0.01,11.355,0.296,28.61,-80.599,NaN,NaN,NaN,NaN,3496.077,0,NaN,NaN,NaN,NaN,0,34.283,NaN,NaN,NaN,NaN,1.858
21.705,189.453,-11.351,0.003,11.352,0.139,28.61,-80.599,NaN,NaN,NaN,NaN,3496.077,0,NaN,NaN,NaN,NaN,0,34.246,NaN,NaN,NaN,NaN,1.891
22.205,183.779,-11.348,0.007,11.349,0.231,28.61,-80.599,NaN,NaN,NaN,NaN,3496.077,0,NaN,NaN,NaN,NaN,0,34.267,NaN,NaN,NaN,NaN,1.715
22.705,178.105,-11.346,0.004,11.346,0.086,28.61,-80.599,NaN,NaN,NaN,NaN,3496.077,0,NaN,NaN,NaN,NaN,0,34.247,NaN,NaN,NaN,NaN,1.767
23.205,172.433,-11.343,0.006,11.343,0.042,28.61,-80.599,NaN,NaN,NaN,NaN,3496.077,0,NaN,NaN,NaN,NaN,0,34.251,NaN,NaN,NaN,NaN,1.872
23.705,166.763,-11.34,0.006,11.34,0.044,28.61,-80.599,NaN,NaN,NaN,NaN,3496.077,0,NaN,NaN,NaN,NaN,0,34.253,NaN,NaN,NaN,NaN,1.895
24.205,161.094,-11.336,0.007,11.337,0.137,28.61,-80.599,NaN,NaN,NaN,NaN,3496.077,0,NaN,NaN,NaN,NaN,0,34.259,NaN,NaN,NaN,NaN,2.025
24.705,155.426,-11.333,0.006,11.334,0.101,28.61,-80.599,NaN,NaN,NaN,NaN,3496.077,0,NaN,NaN,NaN,NaN,0,34.254,NaN,NaN,NaN,NaN,1.818
25.205,149.761,-11.329,0.009,11.33,0.25,28.61,-80.599,NaN,NaN,NaN,NaN,3496.077,0,NaN,NaN,NaN,NaN,0,34.273,NaN,NaN,NaN,NaN,1.595
25.705,144.097,-11.327,0.004,11.327,0.085,28.61,-80.599,NaN,NaN,NaN,NaN,3496.077,0,NaN,NaN,NaN,NaN,0,34.246,NaN,NaN,NaN,NaN,1.858
26.205,138.434,-11.324,0.006,11.324,0.124,28.61,-80.599,NaN,NaN,NaN,NaN,3496.077,0,NaN,NaN,NaN,NaN,0,34.256,NaN,NaN,NaN,NaN,1.944
26.705,132.773,-11.321,0.006,11.321,0.127,28.61,-80.599,NaN,NaN,NaN,NaN,3496.077,0,NaN,NaN,NaN,NaN,0,34.256,NaN,NaN,NaN,NaN,1.717
27.205,127.113,-11.318,0.005,11.318,0.035,28.61,-80.599,NaN,NaN,NaN,NaN,3496.077,0,NaN,NaN,NaN,NaN,0,34.251,NaN,NaN,NaN,NaN,1.839
27.705,121.454,-11.315,0.006,11.315,0.057,28.61,-80.599,NaN,NaN,NaN,NaN,3496.077,0,NaN,NaN,NaN,NaN,0,34.254,NaN,NaN,NaN,NaN,1.751
28.205,115.798,-11.311,0.008,11.312,0.214,28.61,-80.599,NaN,NaN,NaN,NaN,3496.077,0,NaN,NaN,NaN,NaN,0,34.269,NaN,NaN,NaN,NaN,2.035
28.705,110.143,-11.308,0.006,11.309,0.174,28.61,-80.599,NaN,NaN,NaN,NaN,3496.077,0,NaN,NaN,NaN,NaN,0,34.257,NaN,NaN,NaN,NaN,2.096
29.205,104.49,-11.304,0.01,11.306,0.324,28.61,-80.599,NaN,NaN,NaN,NaN,3496.077,0,NaN,NaN,NaN,NaN,0,34.285,NaN,NaN,NaN,NaN,2.356
29.705,98.838,-11.303,0.001,11.303,0.074,28.61,-80.599,NaN,NaN,NaN,NaN,3496.077,0,NaN,NaN,NaN,NaN,0,34.238,NaN,NaN,NaN,NaN,2.23
30.205,93.189,-11.293,0.019,11.298,0.52,28.61,-80.599,NaN,NaN,NaN,NaN,3496.077,0,NaN,NaN,NaN,NaN,0,34.346,NaN,NaN,NaN,NaN,1.582
30.705,87.542,-11.296,-0.005,11.296,0.097,28.61,-80.599,NaN,NaN,NaN,NaN,3496.077,0,NaN,NaN,NaN,NaN,0,34.215,NaN,NaN,NaN,NaN,2.033
31.205,81.894,-11.293,0.006,11.294,0.206,28.61,-80.599,NaN,NaN,NaN,NaN,3496.077,0,NaN,NaN,NaN,NaN,0,34.261,NaN,NaN,NaN,NaN,1.732
31.705,76.248,-11.291,0.004,11.291,0.013,28.61,-80.599,NaN,NaN,NaN,NaN,3496.077,0,NaN,NaN,NaN,NaN,0,34.246,NaN,NaN,NaN,NaN,1.853
32.205,70.604,-11.287,0.008,11.288,0.228,28.61,-80.599,NaN,NaN,NaN,NaN,3496.077,0,NaN,NaN,NaN,NaN,0,34.271,NaN,NaN,NaN,NaN,2.123
32.705,64.962,-11.282,0.01,11.284,0.366,28.61,-80.599,NaN,NaN,NaN,NaN,3496.077,0,NaN,NaN,NaN,NaN,0,34.293,NaN,NaN,NaN,NaN,2.396
33.205,59.321,-11.281,8.16E-04,11.282,0.145,28.61,-80.599,NaN,NaN,NaN,NaN,3496.077,0,NaN,NaN,NaN,NaN,0,34.239,NaN,NaN,NaN,NaN,2.325
33.705,53.681,-11.279,0.005,11.279,0.105,28.61,-80.599,NaN,NaN,NaN,NaN,3496.077,0,NaN,NaN,NaN,NaN,0,34.251,NaN,NaN,NaN,NaN,2.351
34.205,48.042,-11.275,0.007,11.276,0.205,28.61,-80.599,NaN,NaN,NaN,NaN,3496.077,0,NaN,NaN,NaN,NaN,0,34.266,NaN,NaN,NaN,NaN,2.047
34.705,42.405,-11.272,0.006,11.273,0.176,28.61,-80.599,NaN,NaN,NaN,NaN,3496.077,0,NaN,NaN,NaN,NaN,0,34.258,NaN,NaN,NaN,NaN,1.978
35.205,36.77,-11.27,0.005,11.27,0.077,28.61,-80.599,NaN,NaN,NaN,NaN,3496.077,0,NaN,NaN,NaN,NaN,0,34.25,NaN,NaN,NaN,NaN,2.004
35.705,31.135,-11.267,0.006,11.267,0.09,28.61,-80.599,NaN,NaN,NaN,NaN,3496.077,0,NaN,NaN,NaN,NaN,0,34.255,NaN,NaN,NaN,NaN,1.951
36.205,25.503,-11.264,0.006,11.264,0.029,28.61,-80.599,NaN,NaN,NaN,NaN,3496.077,0,NaN,NaN,NaN,NaN,0,34.253,NaN,NaN,NaN,NaN,2.042
36.705,19.871,-11.261,0.007,11.261,0.131,28.61,-80.599,NaN,NaN,NaN,NaN,3496.077,0,NaN,NaN,NaN,NaN,0,34.259,NaN,NaN,NaN,NaN,1.873
37.205,14.242,-11.257,0.008,11.258,0.218,28.61,-80.599,NaN,NaN,NaN,NaN,3496.077,0,NaN,NaN,NaN,NaN,0,34.268,NaN,NaN,NaN,NaN,2.208
37.705,8.613,-11.255,0.004,11.255,0.089,28.61,-80.599,NaN,NaN,NaN,NaN,3496.077,0,NaN,NaN,NaN,NaN,0,34.249,NaN,NaN,NaN,NaN,2.169
38.205,2.987,-11.251,0.009,11.252,0.263,28.61,-80.599,NaN,NaN,NaN,NaN,3496.077,0,NaN,NaN,NaN,NaN,0,34.276,NaN,NaN,NaN,NaN,1.809
# Event GROUND_HIT occurred at t=38.471 seconds,,,,,,,,,,,,,,,,,,,,,,,,
# Event SIMULATION_END occurred at t=38.471 seconds,,,,,,,,,,,,,,,,,,,,,,,,
38.471,0,-11.25,0.005,11.251,0.205,28.61,-80.599,NaN,NaN,NaN,NaN,3496.077,0,NaN,NaN,NaN,NaN,0,34.258,NaN,NaN,NaN,NaN,1.744
